Team,TeamID,Season,NET_Rank,NET_Rating
Duke,1181,2026,1,1
Michigan,1276,2026,2,2
Arizona,1112,2026,3,3
Florida,1196,2026,4,4
Gonzaga,1211,2026,5,5
Illinois,1228,2026,6,6
Houston,1222,2026,7,7
Iowa St.,1235,2026,8,8
UConn,1163,2026,9,9
Purdue,1345,2026,10,10
Michigan St.,1277,2026,11,11
Nebraska,1304,2026,12,12
Virginia,1438,2026,13,13
Louisville,1257,2026,14,14
Texas Tech,1403,2026,15,15
Vanderbilt,1435,2026,16,16
Alabama,1104,2026,17,17
Arkansas,1116,2026,18,18
Kansas,1242,2026,19,19
Saint Mary's,1388,2026,20,20
Tennessee,1397,2026,21,21
St. John's,1385,2026,22,22
N. Carolina,1314,2026,23,23
BYU,1140,2026,24,24
Iowa,1234,2026,25,25
Wisconsin,1458,2026,26,26
Saint Louis,1387,2026,27,27
Kentucky,1246,2026,28,28
Utah St.,1429,2026,29,29
Ohio St.,1326,2026,30,30
Georgia,1208,2026,31,31
Miami,1274,2026,32,32
Villanova,1437,2026,33,33
UCLA,1417,2026,34,34
NC State,1301,2026,35,35
Clemson,1155,2026,36,36
Indiana,1231,2026,37,37
Auburn,1120,2026,38,38
SMU,1374,2026,39,39
TCU,1395,2026,40,40
Texas,1400,2026,41,41
Santa Clara,1365,2026,42,42
Texas A&M,1401,2026,43,43
VCU,1433,2026,44,44
New Mexico,1307,2026,45,45
Cincinnati,1153,2026,46,46
San Diego St.,1361,2026,47,47
Baylor,1124,2026,48,48
South Florida,1378,2026,49,49
Tulsa,1409,2026,50,50
UCF,1416,2026,51,51
Akron,1103,2026,52,52
Va. Tech,1439,2026,53,53
Oklahoma,1328,2026,54,54
Miami (Ohio),1275,2026,55,55
Seton Hall,1371,2026,56,56
Boise St.,1129,2026,57,57
West Virginia,1452,2026,58,58
Stanford,1390,2026,59,59
Missouri,1281,2026,60,60
Washington,1449,2026,61,61
McNeese,1270,2026,62,62
Belmont,1125,2026,63,63
Wake Forest,1448,2026,64,64
California,1143,2026,65,65
Yale,1463,2026,66,66
Arizona St.,1113,2026,67,67
Grand Canyon,1213,2026,68,68
Florida St.,1199,2026,69,69
Northwestern,1321,2026,70,70
Colorado,1160,2026,71,71
N. Iowa,1320,2026,72,72
Nevada,1305,2026,73,73
Minnesota,1278,2026,74,74
Dayton,1173,2026,75,75
High Point,1219,2026,76,76
LSU,1261,2026,77,77
USC,1425,2026,78,78
Okla. St.,1329,2026,79,79
Wichita St.,1455,2026,80,80
Creighton,1166,2026,81,81
Butler,1139,2026,82,82
Syracuse,1393,2026,83,83
Providence,1344,2026,84,84
Utah Valley,1430,2026,85,85
SF Austin,1372,2026,86,86
Colo. St.,1161,2026,87,87
Hofstra,1220,2026,88,88
George Mason,1206,2026,89,89
George Wash.,1203,2026,90,90
Marquette,1266,2026,91,91
Ole Miss,1279,2026,92,92
Notre Dame,1323,2026,93,93
Illinois St.,1229,2026,94,94
Georgetown,1207,2026,95,95
UNCW,1423,2026,96,96
Xavier,1462,2026,97,97
Wyoming,1461,2026,98,98
Kansas St.,1243,2026,99,99
Liberty,1251,2026,100,100
DePaul,1177,2026,101,101
Maryland,1268,2026,102,102
Cal Baptist,1465,2026,103,103
Sam Houston,1358,2026,104,104
St. Thomas (MN),1472,2026,105,105
Davidson,1172,2026,106,106
S. Carolina,1376,2026,107,107
Murray St.,1293,2026,108,108
Pittsburgh,1338,2026,109,109
Miss. St.,1280,2026,110,110
UNLV,1424,2026,111,111
Hawaii,1218,2026,112,112
UIC,1227,2026,113,113
Bradley,1133,2026,114,114
N. Dakota St.,1295,2026,115,115
Pacific,1334,2026,116,116
UAB,1412,2026,117,117
UC Irvine,1414,2026,118,118
San Fran.,1362,2026,119,119
UC San Diego,1471,2026,120,120
S. Illinois,1356,2026,121,121
Seattle,1370,2026,122,122
FAU,1194,2026,123,123
Saint Joseph's,1386,2026,124,124
Memphis,1272,2026,125,125
ETSU,1190,2026,126,126
Montana St.,1286,2026,127,127
William & Mary,1456,2026,128,128
Utah,1428,2026,129,129
Winthrop,1457,2026,130,130
Penn St.,1336,2026,131,131
Troy,1407,2026,132,132
Wright St.,1460,2026,133,133
UT-Rio Grande Valley,1410,2026,134,134
Robert Morris,1352,2026,135,135
Portland St.,1340,2026,136,136
UCSB,1364,2026,137,137
Navy,1298,2026,138,138
N. Colorado,1294,2026,139,139
Duquesne,1182,2026,140,140
Cornell,1165,2026,141,141
Wash. St.,1450,2026,142,142
Rutgers,1353,2026,143,143
Rhode Island,1348,2026,144,144
North Texas,1317,2026,145,145
Toledo,1405,2026,146,146
Kent St.,1245,2026,147,147
Penn,1335,2026,148,148
Fresno St.,1201,2026,149,149
Harvard,1217,2026,150,150
Maryland,1268,2026,151,151
Richmond,1350,2026,152,152
Arkansas St.,1117,2026,153,153
Middle Tenn.,1292,2026,154,154
Bowling Green,1132,2026,155,155
W. Kentucky,1443,2026,156,156
Valparaiso,1434,2026,157,157
St. Bona.,1382,2026,158,158
Boston College,1130,2026,159,159
Towson,1406,2026,160,160
Idaho,1225,2026,161,161
UT Arlington,1426,2026,162,162
Charleston,1158,2026,163,163
Temple,1396,2026,164,164
Austin Peay,1122,2026,165,165
Cent. Arkansas,1146,2026,166,166
Ga. Tech,1210,2026,167,167
Marshall,1267,2026,168,168
Monmouth,1284,2026,169,169
Kennesaw St.,1244,2026,170,170
Oregon St.,1333,2026,171,171
Tennessee St.,1398,2026,172,172
Merrimack,1467,2026,173,173
Fordham,1200,2026,174,174
Utah Tech,1469,2026,175,175
UC Davis,1413,2026,176,176
Oakland,1324,2026,177,177
N. Kentucky,1297,2026,178,178
LMU,1258,2026,179,179
CS Fullerton,1168,2026,180,180
Mercer,1273,2026,181,181
Marist,1265,2026,182,182
Charlotte,1150,2026,183,183
Columbia,1162,2026,184,184
South Alabama,1375,2026,185,185
N. Mex. St.,1308,2026,186,186
Queens,1474,2026,187,187
Siena,1373,2026,188,188
App. St.,1111,2026,189,189
CSNorthridge,1169,2026,190,190
FIU,1198,2026,191,191
Campbell,1144,2026,192,192
Lipscomb,1252,2026,193,193
Furman,1202,2026,194,194
Drake,1179,2026,195,195
TX A&M-CC,1394,2026,196,196
Weber St.,1451,2026,197,197
Buffalo,1138,2026,198,198
Montana,1285,2026,199,199
LIU,1254,2026,200,200
E. Washington,1186,2026,201,201
Howard,1224,2026,202,202
Massachusetts,1269,2026,203,203
UT Martin,1404,2026,204,204
UMBC,1420,2026,205,205
Tulane,1408,2026,206,206
James Madison,1241,2026,207,207
New Orleans,1309,2026,208,208
S. Dak. St.,1355,2026,209,209
Drexel,1180,2026,210,210
Jax. State,1240,2026,211,211
Quinnipiac,1346,2026,212,212
La. Tech,1256,2026,213,213
Missouri St.,1283,2026,214,214
Indiana St.,1232,2026,215,215
Green Bay,1453,2026,216,216
Samford,1359,2026,217,217
So. Miss,1379,2026,218,218
Ga. Southern,1204,2026,219,219
Youngstown St.,1464,2026,220,220
Portland,1339,2026,221,221
Elon,1189,2026,222,222
Vermont,1436,2026,223,223
Tarleton St.,1470,2026,224,224
SE Missouri St.,1369,2026,225,225
W. Carolina,1441,2026,226,226
Ohio,1325,2026,227,227
Cal Poly,1142,2026,228,228
Detroit,1178,2026,229,229
Colgate,1159,2026,230,230
C. Carolina,1157,2026,231,231
Stony Brook,1392,2026,232,232
Saint Peter's,1389,2026,233,233
San Diego,1360,2026,234,234
La Salle,1247,2026,235,235
Idaho St.,1226,2026,236,236
Texas St.,1402,2026,237,237
UNC-Ash.,1421,2026,238,238
Iona,1233,2026,239,239
E. Michigan,1185,2026,240,240
Denver,1176,2026,241,241
Fairfield,1193,2026,242,242
Charleston So.,1149,2026,243,243
Rice,1349,2026,244,244
Wofford,1459,2026,245,245
Nicholls,1311,2026,246,246
FGCU,1195,2026,247,247
Abilene Chr.,1101,2026,248,248
Princeton,1343,2026,249,249
Lamar,1249,2026,250,250
Radford,1347,2026,251,251
Milwaukee,1454,2026,252,252
PFW,1236,2026,253,253
Old Dominion,1330,2026,254,254
Bethune-Cook.,1126,2026,255,255
San Jose St.,1363,2026,256,256
Boston U.,1131,2026,257,257
Omaha,1303,2026,258,258
American,1110,2026,259,259
LBSU,1253,2026,260,260
SIUE,1188,2026,261,261
Presbyterian,1342,2026,262,262
Lindenwood,1473,2026,263,263
Dartmouth,1171,2026,264,264
Morehead St.,1287,2026,265,265
East Carolina,1187,2026,266,266
Longwood,1255,2026,267,267
UTEP,1431,2026,268,268
Sacramento St.,1170,2026,269,269
Hampton,1214,2026,270,270
So. Utah,1381,2026,271,271
North Dakota,1315,2026,272,272
Pepperdine,1337,2026,273,273
UC Riverside,1415,2026,274,274
NC A&T,1299,2026,276,276
Southern U.,1380,2026,277,277
Incarnate Word,1230,2026,278,278
Mt St Mary's,1291,2026,279,279
C. Michigan,1141,2026,280,280
W. Michigan,1444,2026,281,281
Lehigh,1250,2026,282,282
Northeastern,1318,2026,283,283
South Dakota,1377,2026,284,284
Bellarmine,1468,2026,285,285
Delaware,1174,2026,286,286
Chattanooga,1151,2026,287,287
CCSU,1148,2026,288,288
Loyola Chi.,1260,2026,289,289
Le Moyne,1478,2026,290,290
E. Kentucky,1184,2026,291,291
Sacred Heart,1357,2026,292,292
UNCG,1422,2026,293,293
Houston Chr.,1223,2026,294,294
Brown,1135,2026,295,295
SE Louisiana,1368,2026,296,296
Jacksonville,1239,2026,297,297
W. Georgia,1480,2026,298,298
Ball St.,1123,2026,299,299
Northwestern St.,1322,2026,300,300
Grambling St.,1212,2026,301,301
SC Upstate,1367,2026,303,303
Wagner,1447,2026,304,304
Evansville,1191,2026,305,305
Georgia St.,1209,2026,306,306
Tenn. Tech,1399,2026,307,307
Alabama A&M,1105,2026,308,308
Little Rock,1114,2026,309,309
Stetson,1391,2026,310,310
Oral Roberts,1331,2026,311,311
Louisiana,1418,2026,312,312
Norfolk St.,1313,2026,313,313
N. Arizona,1319,2026,314,314
Florida A&M,1197,2026,315,315
Prairie View,1341,2026,316,316
Ark.-Pine Bluff,1115,2026,317,317
UMass Lowell,1262,2026,318,318
Clev. St.,1156,2026,319,319
Texas So.,1411,2026,320,320
Alabama St.,1106,2026,321,321
IUI,1237,2026,322,322
E. Illinois,1183,2026,323,323
Lafayette,1248,2026,324,324
UAlbany,1107,2026,325,325
N.J. Tech,1312,2026,327,327
Loyola-Md.,1259,2026,328,328
Manhattan,1264,2026,329,329
Cal-Baker.,1167,2026,330,330
Holy Cross,1221,2026,331,331
Bucknell,1137,2026,333,333
FDU,1192,2026,334,334
Army,1119,2026,335,335
N. Illinois,1296,2026,336,336
North Florida,1316,2026,337,337
N. Alabama,1466,2026,338,338
Maine,1263,2026,339,339
Chicago St.,1152,2026,340,340
Niagara,1310,2026,341,341
UTSA,1427,2026,342,342
Canisius,1145,2026,343,343
The Citadel,1154,2026,345,345
New Hamp.,1306,2026,346,346
NC Central,1300,2026,347,347
Jackson St.,1238,2026,348,348
Air Force,1102,2026,349,349
Md.-E. Shore,1271,2026,350,350
Morgan St.,1288,2026,351,351
Alcorn St.,1108,2026,352,352
Saint Francis,1384,2026,353,353
Bryant,1136,2026,354,354
UL-Monroe,1419,2026,355,355
Rider,1351,2026,356,356
SC State,1354,2026,357,357
Kansas City,1282,2026,358,358
VMI,1440,2026,359,359
Binghamton,1127,2026,360,360
Gardner-Webb,1205,2026,361,361
Delaware St.,1175,2026,362,362
Coppin St.,1164,2026,363,363
W. Illinois,1442,2026,364,364
Miss Valley St.,1290,2026,365,365
