Rank,Team,Conf,W-L,KP_AdjEM,KP_AdjO,KP_AdjD,KP_AdjT,KP_Luck,KP_SOS_AdjEM,KP_OppO,KP_OppD,KP_NCSOS_AdjEM,TeamID,Season
1,Duke,ACC,29-2,40.61,128.5,87.9,65.4,0.03,14.14,117.2,103.1,10.93,1181.0,2026
2,Michigan,B10,29-2,39.31,128.6,89.3,71.5,0.039,15.99,118.7,102.7,13.03,1276.0,2026
3,Arizona,B12,29-2,37.33,126.7,89.4,70.1,0.011,14.1,117.7,103.6,3.74,1112.0,2026
4,Florida,SEC,25-6,35.33,126.5,91.2,70.9,-0.051,15.61,119.5,103.9,8.24,1196.0,2026
5,Illinois,B10,24-7,32.67,131.7,99.1,65.5,-0.035,13.53,117.3,103.7,4.19,1228.0,2026
6,Houston,B12,26-5,32.47,125.1,92.6,63.4,0.002,12.34,116.7,104.3,1.15,1222.0,2026
7,Iowa St.,B12,25-6,29.96,123.0,93.0,66.7,0.006,11.5,115.3,103.8,-3.16,1235.0,2026
8,Purdue,B10,23-8,29.41,130.5,101.1,64.9,-0.021,14.98,118.5,103.5,6.69,1345.0,2026
9,Michigan St.,B10,25-6,28.93,122.8,93.9,65.9,0.019,13.72,118.4,104.7,3.91,1277.0,2026
10,Connecticut,BE,27-4,28.25,122.7,94.5,64.9,0.052,11.97,115.5,103.6,8.3,1163.0,2026
11,Gonzaga,WCC,29-3,27.88,121.7,93.8,69.0,0.071,5.76,113.1,107.3,8.59,1211.0,2026
12,Nebraska,B10,26-5,26.95,119.4,92.4,66.9,0.028,11.06,116.2,105.1,-5.63,1304.0,2026
13,Vanderbilt,SEC,24-7,26.45,125.6,99.1,69.5,0.02,13.28,117.8,104.6,1.62,1435.0,2026
14,Louisville,ACC,22-9,26.12,125.8,99.6,70.1,-0.016,12.37,115.8,103.5,3.03,1257.0,2026
15,Tennessee,SEC,21-10,26.1,121.5,95.4,65.3,-0.058,14.39,119.1,104.7,1.15,1397.0,2026
16,Alabama,SEC,23-8,26.09,129.7,103.6,73.0,0.038,17.0,120.0,103.0,13.18,1104.0,2026
17,Texas Tech,B12,22-9,26.08,126.2,100.1,66.3,-0.002,15.31,118.5,103.2,8.12,1403.0,2026
18,Arkansas,SEC,23-8,25.94,127.9,102.0,71.2,0.029,14.73,119.1,104.4,4.88,1116.0,2026
19,Kansas,B12,22-9,25.39,119.5,94.1,67.6,0.038,16.68,118.2,101.5,11.59,1242.0,2026
20,Virginia,ACC,27-4,25.25,121.8,96.5,65.8,0.071,8.61,114.9,106.3,-3.11,1438.0,2026
21,St. John's,BE,25-6,24.43,119.8,95.4,69.8,0.06,11.29,115.5,104.2,6.56,1385.0,2026
22,Saint Mary's,WCC,27-4,23.61,120.7,97.0,65.4,0.024,4.89,111.5,106.7,4.39,1388.0,2026
23,Wisconsin,B10,22-9,22.58,125.4,102.8,69.0,0.038,12.63,116.8,104.1,-0.78,1458.0,2026
24,Iowa,B10,20-11,22.52,121.9,99.4,63.0,-0.055,11.35,115.8,104.4,-6.96,1234.0,2026
25,BYU,B12,21-10,22.41,126.0,103.6,69.8,-0.011,14.37,116.8,102.4,5.2,1140.0,2026
26,Ohio St.,B10,20-11,21.67,124.4,102.7,66.3,-0.029,12.78,116.6,103.8,-1.44,1326.0,2026
27,Kentucky,SEC,19-12,21.38,121.3,99.9,68.1,-0.029,15.68,119.2,103.5,1.71,1246.0,2026
28,UCLA,B10,21-10,21.28,123.9,102.6,64.4,0.015,11.62,116.0,104.3,-1.71,1417.0,2026
29,Miami FL,ACC,24-7,21.15,121.8,100.7,67.8,0.001,6.72,113.2,106.5,-7.12,1274.0,2026
30,North Carolina,ACC,24-7,21.04,121.6,100.6,67.8,0.077,11.45,115.6,104.2,1.39,1314.0,2026
31,Georgia,SEC,22-9,21.03,125.8,104.8,71.3,0.011,11.01,116.5,105.5,-6.13,1208.0,2026
32,Villanova,BE,24-7,21.0,121.1,100.1,65.2,0.07,10.51,115.2,104.7,3.11,1437.0,2026
33,Texas,SEC,18-13,19.92,126.3,106.3,66.8,-0.076,14.01,117.9,103.9,-5.95,1400.0,2026
34,Texas A&M,SEC,21-10,19.77,120.6,100.8,70.6,-0.005,10.92,117.1,106.2,-5.79,1401.0,2026
35,Utah St.,MWC,25-6,19.62,123.0,103.4,67.7,0.063,7.05,113.2,106.2,2.33,1429.0,2026
36,N.C. State,ACC,19-12,19.59,123.3,103.7,69.0,-0.025,11.92,116.3,104.4,4.48,1301.0,2026
37,Santa Clara,WCC,25-7,19.34,123.3,104.0,69.8,0.012,5.16,111.7,106.5,4.27,1365.0,2026
38,Clemson,ACC,22-9,18.93,116.3,97.4,64.2,-0.001,9.63,115.0,105.4,1.05,1155.0,2026
39,Auburn,SEC,16-15,18.73,125.8,107.1,67.2,-0.051,16.84,120.1,103.2,8.69,1120.0,2026
40,Saint Louis,A10,27-4,18.63,120.1,101.4,71.0,0.043,0.58,108.9,108.3,-5.38,1387.0,2026
41,Indiana,B10,18-13,18.11,121.2,103.1,66.2,-0.035,11.99,116.5,104.5,-4.57,1231.0,2026
42,Cincinnati,B12,17-14,17.76,112.4,94.7,67.6,-0.069,11.55,115.3,103.7,-2.82,1153.0,2026
43,SMU,ACC,19-12,17.5,123.8,106.3,69.0,-0.033,11.06,115.7,104.7,1.69,1374.0,2026
44,TCU,B12,21-10,17.41,114.7,97.3,67.6,0.01,10.7,115.4,104.7,-6.73,1395.0,2026
45,VCU,A10,24-7,16.88,120.3,103.4,69.0,-0.019,3.48,110.9,107.5,-1.07,1433.0,2026
46,Oklahoma,SEC,17-14,16.78,123.6,106.8,66.5,-0.068,13.26,117.5,104.2,-5.2,1328.0,2026
47,San Diego St.,MWC,20-10,16.71,114.8,98.1,69.0,0.004,8.17,114.3,106.1,5.95,1361.0,2026
48,Baylor,B12,16-15,16.26,123.3,107.0,67.8,-0.074,14.27,116.3,102.0,1.66,1124.0,2026
49,New Mexico,MWC,22-9,15.88,117.2,101.4,70.1,-0.021,6.04,112.5,106.4,0.9,1307.0,2026
50,Missouri,SEC,20-11,15.48,119.8,104.3,66.1,0.055,11.33,116.9,105.5,-7.61,1281.0,2026
51,Seton Hall,BE,20-11,15.32,110.5,95.2,65.0,-0.034,8.53,114.0,105.5,-3.96,1371.0,2026
52,South Florida,Amer,23-8,15.28,117.7,102.5,71.6,-0.026,3.26,111.7,108.4,4.87,1378.0,2026
53,UCF,B12,20-10,15.17,122.1,106.9,69.4,0.084,11.28,115.2,103.9,-2.19,1416.0,2026
54,Washington,B10,15-16,14.98,117.2,102.3,67.2,-0.105,11.89,117.0,105.1,-0.38,1449.0,2026
55,Boise St.,MWC,20-11,14.37,117.9,103.5,65.5,0.039,9.23,114.8,105.6,8.08,1129.0,2026
56,Virginia Tech,ACC,19-12,14.07,117.4,103.3,67.1,0.001,10.22,115.4,105.2,-0.55,1439.0,2026
57,West Virginia,B12,18-13,14.03,111.3,97.2,62.4,-0.033,9.06,114.2,105.2,-8.02,1452.0,2026
58,Tulsa,Amer,25-6,13.95,122.3,108.4,68.0,0.016,0.38,109.6,109.2,-2.22,1409.0,2026
59,Stanford,ACC,20-11,13.72,117.8,104.1,67.0,0.048,9.2,113.8,104.6,-0.05,1390.0,2026
60,Grand Canyon,MWC,20-11,13.53,110.8,97.2,67.9,-0.056,3.81,112.1,108.3,-5.49,1213.0,2026
61,Akron,MAC,26-5,13.47,120.8,107.3,70.6,-0.006,-3.92,108.3,112.2,-2.76,1103.0,2026
62,LSU,SEC,15-16,13.19,119.6,106.4,66.5,-0.082,10.81,116.1,105.3,-4.43,1261.0,2026
63,Arizona St.,B12,16-15,13.15,116.7,103.6,69.2,0.031,14.08,117.7,103.6,5.99,1113.0,2026
64,Colorado,B12,17-14,12.59,119.2,106.7,68.8,0.034,11.19,115.8,104.6,0.46,1160.0,2026
65,Florida St.,ACC,17-14,12.47,117.0,104.5,70.5,-0.001,10.73,115.0,104.3,-2.94,1199.0,2026
66,Northwestern,B10,13-18,12.45,117.3,104.8,65.4,-0.095,13.23,117.2,103.9,-1.26,1321.0,2026
67,Belmont,MVC,26-6,12.3,121.0,108.7,69.0,0.035,0.25,108.6,108.4,-4.17,1125.0,2026
68,McNeese,Slnd,26-5,12.18,115.0,102.8,66.3,0.079,-1.69,107.9,109.6,9.73,1270.0,2026
69,Oklahoma St.,B12,18-13,12.13,118.9,106.8,72.2,0.057,12.18,115.6,103.4,-0.86,1329.0,2026
70,Northern Iowa,MVC,23-12,11.82,110.3,98.5,62.3,-0.07,1.59,109.9,108.3,-0.64,1320.0,2026
71,California,ACC,21-10,11.73,113.6,101.9,68.1,0.058,7.18,113.6,106.5,-6.08,1143.0,2026
72,Minnesota,B10,15-16,11.48,115.1,103.6,62.4,-0.05,11.07,116.7,105.6,-8.22,1278.0,2026
73,Providence,BE,14-17,11.39,121.4,110.0,71.2,-0.098,10.76,114.2,103.4,-0.18,1344.0,2026
74,Creighton,BE,15-16,11.35,117.0,105.6,67.4,-0.022,11.81,115.1,103.3,3.83,1166.0,2026
75,Wake Forest,ACC,16-15,11.34,116.9,105.5,68.3,-0.026,11.22,116.0,104.8,1.03,1448.0,2026
76,Nevada,MWC,20-11,11.01,116.1,105.0,65.5,0.013,6.33,112.9,106.6,3.21,1305.0,2026
77,USC,B10,18-13,10.85,114.2,103.3,70.6,0.084,12.47,116.9,104.4,-0.41,1425.0,2026
78,Yale,Ivy,23-5,10.79,120.5,109.7,64.8,0.064,-1.07,108.9,110.0,1.76,1463.0,2026
79,Dayton,A10,21-10,10.64,111.4,100.8,67.1,0.034,4.08,111.8,107.7,1.16,1173.0,2026
80,Syracuse,ACC,15-16,10.3,115.2,104.9,67.5,-0.044,10.24,113.9,103.6,-1.9,1393.0,2026
81,Mississippi,SEC,12-19,10.25,114.3,104.1,66.0,-0.1,13.0,117.8,104.8,-2.11,1279.0,2026
82,Butler,BE,16-15,9.8,116.4,106.6,68.7,-0.023,10.08,114.3,104.2,-2.66,1139.0,2026
83,George Washington,A10,17-14,9.76,118.2,108.4,69.2,-0.148,1.32,109.6,108.3,-2.59,1203.0,2026
84,Colorado St.,MWC,20-11,9.67,120.0,110.4,62.9,0.041,4.81,112.8,108.0,-2.04,1161.0,2026
85,Marquette,BE,12-19,9.67,111.9,102.2,68.7,-0.1,11.28,115.7,104.4,1.89,1266.0,2026
86,Georgetown,BE,14-17,9.66,115.0,105.3,66.4,-0.066,10.02,114.1,104.1,-4.1,1207.0,2026
87,Hofstra,CAA,23-10,9.63,114.8,105.2,64.7,-0.06,-0.48,108.6,109.1,3.6,1220.0,2026
88,Wichita St.,Amer,21-10,9.42,113.1,103.7,66.3,-0.044,0.65,110.1,109.4,-2.04,1455.0,2026
89,Stephen F. Austin,Slnd,27-4,9.34,113.8,104.4,66.0,-0.005,-4.12,106.2,110.3,-3.47,1372.0,2026
90,Utah Valley,WAC,24-7,9.3,113.6,104.3,69.0,0.042,-0.26,107.6,107.9,3.01,1430.0,2026
91,Miami OH,MAC,31-0,8.95,116.8,107.9,70.1,0.116,-5.18,107.7,112.9,-9.49,1275.0,2026
92,Notre Dame,ACC,13-18,8.86,115.8,107.0,66.0,-0.059,11.02,115.2,104.2,1.54,1323.0,2026
93,High Point,BSth,30-4,8.48,117.4,108.9,70.0,0.048,-8.82,104.1,112.9,-8.41,1219.0,2026
94,George Mason,A10,23-8,8.04,114.2,106.1,63.4,0.067,0.6,110.0,109.4,-7.48,1206.0,2026
95,South Carolina,SEC,13-18,7.86,112.4,104.6,66.5,-0.057,10.97,116.9,106.0,-8.44,1376.0,2026
96,Xavier,BE,14-17,7.73,116.6,108.9,70.2,-0.003,11.2,114.4,103.2,1.45,1462.0,2026
97,Oregon,B10,12-19,7.69,112.3,104.6,66.0,-0.03,13.22,117.1,103.9,1.84,1332.0,2026
98,Wyoming,MWC,18-13,7.62,115.5,107.8,66.3,-0.009,4.15,112.3,108.1,-4.89,1461.0,2026
99,Pittsburgh,ACC,12-19,7.56,113.1,105.6,63.7,-0.079,10.84,115.1,104.3,0.95,1338.0,2026
100,Mississippi St.,SEC,13-18,7.29,113.6,106.3,69.6,0.001,13.12,117.8,104.6,0.84,1280.0,2026
101,Kansas St.,B12,12-19,7.17,113.1,105.9,72.6,-0.069,13.06,116.3,103.3,0.36,1243.0,2026
102,DePaul,BE,16-15,7.0,107.9,100.9,66.4,-0.004,8.05,113.8,105.7,-9.71,1177.0,2026
103,Illinois St.,MVC,20-12,6.64,110.8,104.1,66.7,-0.009,1.67,110.4,108.7,-2.5,1229.0,2026
104,UNLV,MWC,16-15,6.34,116.0,109.7,70.1,-0.01,6.36,112.7,106.4,1.43,1424.0,2026
105,Illinois Chicago,MVC,19-15,6.16,110.7,104.6,66.4,-0.061,1.92,110.5,108.6,-2.09,1227.0,2026
106,UC Irvine,BW,22-10,6.04,104.2,98.2,68.4,-0.007,-0.68,109.0,109.7,0.88,1414.0,2026
107,Davidson,A10,19-12,5.93,110.8,104.8,63.8,0.029,2.64,110.4,107.8,0.21,1172.0,2026
108,Sam Houston St.,CUSA,21-10,5.9,115.0,109.1,70.2,-0.003,0.09,109.9,109.9,6.29,1358.0,2026
109,St. Thomas,Sum,24-9,5.89,114.3,108.4,68.3,-0.034,-5.32,107.7,113.1,-0.58,1472.0,2026
110,UNC Wilmington,CAA,26-6,5.83,112.2,106.3,65.1,0.028,-4.7,106.9,111.6,-8.0,1423.0,2026
111,Pacific,WCC,18-15,5.46,111.0,105.6,64.3,-0.02,3.32,110.9,107.6,0.33,1334.0,2026
112,Cal Baptist,WAC,23-8,5.44,108.2,102.8,65.7,0.084,-1.9,107.3,109.1,-2.91,1465.0,2026
113,UC San Diego,BW,22-10,5.29,109.0,103.7,67.3,0.004,-0.74,108.3,109.0,0.58,1471.0,2026
114,North Dakota St.,Sum,27-7,5.14,112.0,106.9,66.4,0.04,-5.49,106.9,112.4,-0.61,1295.0,2026
115,Hawaii,BW,22-8,5.03,107.3,102.2,69.8,0.028,-3.54,107.0,110.6,-10.77,1218.0,2026
116,Liberty,CUSA,25-6,4.65,118.3,113.7,63.9,0.157,-1.44,108.0,109.4,1.13,1251.0,2026
117,Southern Illinois,MVC,16-16,4.62,104.1,99.5,69.0,-0.094,2.22,110.4,108.2,0.4,1356.0,2026
118,Seattle,WCC,20-13,4.59,102.5,98.0,67.7,0.017,2.06,111.1,109.1,-3.09,1370.0,2026
119,UT Rio Grande Valley,Slnd,19-13,4.37,111.6,107.2,66.5,-0.043,-1.47,108.1,109.5,8.71,,2026
120,San Francisco,WCC,17-16,4.3,114.0,109.7,66.0,-0.006,4.54,111.3,106.8,0.75,1362.0,2026
121,Murray St.,MVC,20-12,4.15,116.5,112.3,71.6,0.043,1.54,110.2,108.7,-3.37,1293.0,2026
122,Saint Joseph's,A10,21-10,4.04,107.0,103.0,68.3,0.093,1.01,109.4,108.4,-4.62,1386.0,2026
123,Bradley,MVC,21-12,4.0,112.0,108.0,67.4,0.039,1.05,109.4,108.4,-5.02,1133.0,2026
124,UAB,Amer,20-11,3.97,109.9,106.0,69.1,0.02,-0.4,109.1,109.5,-5.04,1412.0,2026
125,UC Santa Barbara,BW,18-13,3.46,114.4,110.9,64.1,-0.058,-0.9,107.8,108.7,-0.28,1364.0,2026
126,Florida Atlantic,Amer,17-14,3.45,110.5,107.1,69.6,-0.034,2.29,110.8,108.5,3.26,1194.0,2026
127,Utah,B12,10-21,3.44,114.7,111.3,66.1,-0.007,12.17,116.3,104.1,0.35,1428.0,2026
128,Maryland,B10,11-20,3.36,111.3,107.9,66.1,0.014,14.95,117.9,103.0,1.71,1268.0,2026
129,Rutgers,B10,13-18,3.32,111.0,107.7,66.6,0.037,11.02,115.3,104.3,-7.21,1353.0,2026
130,Memphis,Amer,13-18,3.22,107.7,104.4,70.2,-0.05,5.98,113.0,107.0,10.86,1272.0,2026
131,Fresno St.,MWC,13-18,3.14,107.9,104.8,68.3,-0.069,5.01,112.7,107.7,-2.52,1201.0,2026
132,Montana St.,BSky,18-14,3.01,111.1,108.1,66.0,-0.083,0.37,111.1,110.7,6.77,1286.0,2026
133,Duquesne,A10,17-14,2.91,110.7,107.8,69.1,-0.011,2.38,110.8,108.4,-6.0,1182.0,2026
134,Rhode Island,A10,16-15,2.87,106.1,103.2,66.0,-0.039,1.07,110.0,108.9,-5.07,1348.0,2026
135,Toledo,MAC,17-14,2.65,115.0,112.3,67.9,-0.065,-0.99,109.9,110.9,2.45,1405.0,2026
136,Washington St.,WCC,12-20,2.41,114.2,111.8,67.9,-0.094,5.48,111.5,106.0,5.4,1450.0,2026
137,Penn St.,B10,12-19,2.31,114.5,112.2,67.5,-0.005,10.89,116.1,105.2,-6.84,1336.0,2026
138,Wright St.,Horz,22-11,2.1,113.1,111.0,67.2,-0.002,-3.71,109.8,113.6,1.22,1460.0,2026
139,North Texas,Amer,18-13,2.04,103.9,101.9,64.8,0.011,0.75,110.2,109.4,0.2,1317.0,2026
140,Northern Colorado,BSky,20-12,1.97,112.5,110.5,68.8,-0.024,-1.68,109.7,111.3,0.22,1294.0,2026
141,Navy,PL,26-7,1.85,107.6,105.8,65.1,0.053,-11.78,103.7,115.4,-9.17,1298.0,2026
142,Portland St.,BSky,20-10,1.85,104.0,102.2,67.9,0.025,-1.62,110.4,112.0,1.88,1340.0,2026
143,Troy,SB,22-11,1.73,110.9,109.2,64.9,0.024,-2.9,108.1,111.0,4.54,1407.0,2026
144,Richmond,A10,15-16,1.71,111.8,110.1,67.8,-0.086,0.53,109.8,109.3,-8.75,1350.0,2026
145,Robert Morris,Horz,22-11,1.62,110.9,109.2,64.5,0.029,-4.27,109.4,113.7,-1.29,1352.0,2026
146,William & Mary,CAA,20-12,1.55,111.3,109.7,72.6,0.024,-1.67,108.7,110.4,0.78,1456.0,2026
147,Bowling Green,MAC,18-13,1.53,107.4,105.9,68.4,-0.079,-3.24,108.5,111.7,-5.91,1132.0,2026
148,Arkansas St.,SB,20-12,1.4,110.9,109.5,72.0,0.008,-3.49,107.6,111.1,3.13,1117.0,2026
149,Harvard,Ivy,17-11,1.34,107.7,106.4,63.1,0.002,-3.24,108.3,111.5,-4.73,1217.0,2026
150,Central Arkansas,ASun,22-12,1.22,110.4,109.2,68.0,0.041,-5.09,109.5,114.6,5.99,1146.0,2026
151,Winthrop,BSth,23-11,1.18,111.9,110.7,70.1,0.025,-4.4,107.4,111.8,1.52,1457.0,2026
152,Towson,CAA,19-15,1.15,106.1,104.9,63.5,0.012,-0.5,109.5,110.0,3.45,1406.0,2026
153,Kent St.,MAC,23-8,1.13,112.2,111.1,70.5,0.151,-2.71,109.6,112.3,-2.98,1245.0,2026
154,Boston College,ACC,11-20,1.12,104.1,103.0,66.0,-0.035,6.99,113.5,106.5,-7.05,1130.0,2026
155,UC Davis,BW,18-13,1.06,109.3,108.3,68.3,0.038,-0.08,108.4,108.5,2.12,1413.0,2026
156,UT Arlington,WAC,17-13,1.01,103.1,102.0,65.0,0.037,0.93,109.2,108.3,3.74,1426.0,2026
157,Cornell,Ivy,15-12,1.0,119.8,118.8,71.6,-0.026,-1.43,108.3,109.8,-0.34,1165.0,2026
158,Valparaiso,MVC,18-15,0.96,108.4,107.4,65.2,0.041,1.15,109.6,108.5,-5.73,1434.0,2026
159,St. Bonaventure,A10,15-16,0.91,113.8,112.8,67.2,-0.042,1.51,109.6,108.1,-4.15,1382.0,2026
160,Loyola Marymount,WCC,15-17,0.81,106.8,106.0,67.0,-0.045,1.06,110.1,109.1,-5.23,1258.0,2026
161,Temple,Amer,16-15,0.71,112.7,112.0,65.1,-0.062,-1.34,108.0,109.3,-2.53,1396.0,2026
162,Penn,Ivy,16-11,0.7,107.8,107.1,69.3,0.044,-0.79,109.3,110.1,0.93,1335.0,2026
163,Georgia Tech,ACC,11-20,0.65,108.2,107.5,70.7,-0.039,6.66,112.2,105.6,-9.38,1210.0,2026
164,Idaho,BSky,19-14,0.6,109.2,108.6,67.6,-0.022,-1.28,109.9,111.2,1.13,1225.0,2026
165,Eastern Washington,BSky,14-18,0.56,113.9,113.4,67.6,-0.058,1.11,110.6,109.4,7.78,1186.0,2026
166,East Tennessee St.,SC,23-11,0.49,110.0,109.5,66.1,-0.021,-7.63,107.1,114.8,-3.92,1190.0,2026
167,Western Kentucky,CUSA,18-13,0.37,108.5,108.2,69.7,0.017,-0.62,110.0,110.7,1.69,1443.0,2026
168,Fordham,A10,17-14,0.36,105.1,104.7,64.5,-0.044,-2.34,108.0,110.3,-15.83,1200.0,2026
169,Cal St. Fullerton,BW,17-15,0.29,110.6,110.3,72.6,0.046,1.55,110.0,108.4,6.78,1168.0,2026
170,Oakland,Horz,16-16,0.17,115.4,115.2,69.9,0.016,0.2,110.9,110.7,17.59,1324.0,2026
171,Middle Tennessee,CUSA,17-14,-0.0,109.3,109.4,65.6,0.018,1.19,110.3,109.1,11.54,1292.0,2026
172,Charleston,CAA,21-11,-0.16,108.3,108.5,67.7,0.105,-1.72,109.4,111.1,-1.3,1158.0,2026
173,Merrimack,MAAC,23-10,-0.19,107.6,107.8,63.4,0.126,-5.53,105.5,111.0,3.81,1467.0,2026
174,Austin Peay,ASun,22-9,-0.34,108.2,108.5,69.5,0.033,-6.29,108.9,115.2,2.28,1122.0,2026
175,Texas A&M Corpus Chris,Slnd,18-14,-0.44,105.3,105.8,66.2,0.018,-0.06,109.1,109.1,16.95,,2026
176,Northern Kentucky,Horz,20-14,-0.59,109.7,110.3,70.2,-0.022,-4.04,110.5,114.5,-3.74,1297.0,2026
177,Oregon St.,WCC,17-16,-0.6,109.4,110.0,65.1,0.097,3.5,110.7,107.2,-1.32,1333.0,2026
178,CSUN,BW,19-13,-0.62,108.3,108.9,73.8,0.078,-0.09,108.6,108.7,1.31,1169.0,2026
179,Monmouth,CAA,19-14,-0.88,106.4,107.2,67.1,0.023,-2.54,107.5,110.0,-3.34,1284.0,2026
180,Kennesaw St.,CUSA,18-13,-0.99,109.9,110.9,71.4,-0.009,-2.27,108.5,110.8,-5.06,1244.0,2026
181,Campbell,CAA,16-18,-1.41,111.5,112.9,69.8,0.009,1.17,109.7,108.5,8.04,1144.0,2026
182,Montana,BSky,17-15,-1.46,107.5,109.0,69.4,0.041,0.13,111.0,110.8,5.8,1285.0,2026
183,Queens,ASun,21-13,-1.49,116.0,117.5,69.7,0.067,-5.36,108.8,114.1,5.96,,2026
184,Utah Tech,WAC,18-14,-1.55,111.0,112.6,66.0,0.096,1.17,108.0,106.9,4.06,1469.0,2026
185,New Mexico St.,CUSA,15-15,-1.69,110.2,111.8,66.9,-0.068,-1.24,108.5,109.7,1.06,1308.0,2026
186,Tennessee St.,OVC,23-9,-1.8,109.4,111.2,70.3,0.07,-7.9,103.7,111.6,5.97,1398.0,2026
187,Furman,SC,22-12,-1.9,107.8,109.7,65.9,0.01,-5.87,108.6,114.5,-0.23,1202.0,2026
188,Mercer,SC,19-13,-1.92,112.1,114.0,69.0,-0.021,-4.99,108.7,113.7,4.33,1273.0,2026
189,Columbia,Ivy,16-12,-1.92,108.8,110.8,66.7,0.012,-3.09,108.5,111.6,-5.05,1162.0,2026
190,FIU,CUSA,15-16,-1.95,107.7,109.7,71.8,-0.039,-0.92,109.1,110.0,0.24,1198.0,2026
191,New Orleans,Slnd,15-18,-2.15,109.9,112.1,69.8,0.038,0.94,108.8,107.9,14.52,1309.0,2026
192,Charlotte,Amer,15-16,-2.25,112.8,115.0,63.4,0.01,0.42,109.7,109.3,-0.44,1150.0,2026
193,Appalachian St.,SB,19-13,-2.38,106.1,108.5,63.0,0.015,-5.24,107.4,112.6,-3.05,1111.0,2026
194,Weber St.,BSky,16-16,-2.6,111.8,114.4,68.6,-0.031,-1.56,108.8,110.4,-0.73,1451.0,2026
195,Drake,MVC,14-20,-2.61,110.2,112.9,67.3,-0.06,2.41,109.8,107.4,-3.76,1179.0,2026
196,Siena,MAAC,22-11,-2.68,107.6,110.3,64.6,0.002,-9.4,103.3,112.7,-7.41,1373.0,2026
197,Portland,WCC,15-19,-2.8,106.4,109.2,68.5,0.064,4.08,111.7,107.6,1.11,1339.0,2026
198,Lipscomb,ASun,19-13,-2.82,107.2,110.0,69.4,0.044,-4.88,109.2,114.0,5.09,1252.0,2026
199,UMBC,AE,22-8,-2.84,107.7,110.5,66.2,0.048,-14.4,101.1,115.5,-6.81,1420.0,2026
200,Indiana St.,MVC,11-21,-2.89,106.5,109.4,68.1,-0.11,1.55,109.0,107.4,-5.37,1232.0,2026
201,Massachusetts,MAC,16-15,-2.92,108.9,111.8,70.1,-0.057,-4.02,107.7,111.7,-6.27,1269.0,2026
202,Howard,MEAC,21-10,-3.01,103.9,106.9,69.1,-0.023,-13.46,101.2,114.7,-1.34,1224.0,2026
203,Marist,MAAC,19-12,-3.06,99.8,102.8,66.4,-0.027,-8.58,104.4,113.0,-7.02,1265.0,2026
204,Jacksonville St.,CUSA,15-16,-3.18,105.7,108.9,65.4,-0.05,-2.7,108.2,110.9,-6.01,1240.0,2026
205,Marshall,SB,19-13,-3.18,112.4,115.5,69.3,0.034,-3.88,107.8,111.7,-0.75,1267.0,2026
206,South Alabama,SB,21-11,-3.19,107.2,110.4,64.7,0.058,-5.76,106.5,112.2,-5.09,1375.0,2026
207,Buffalo,MAC,17-14,-3.25,113.1,116.3,66.5,-0.015,-3.9,107.5,111.4,-6.56,1138.0,2026
208,Louisiana Tech,CUSA,18-13,-3.31,102.2,105.5,64.5,0.04,-2.94,108.3,111.3,-6.85,1256.0,2026
209,Green Bay,Horz,18-15,-3.5,112.8,116.3,62.9,0.064,-1.78,110.5,112.3,6.67,1453.0,2026
210,Tulane,Amer,17-14,-3.66,108.0,111.7,67.0,0.125,0.62,108.8,108.2,-3.3,1408.0,2026
211,Cal Poly,BW,14-18,-3.86,109.9,113.8,74.1,0.009,1.44,109.2,107.7,5.48,1142.0,2026
212,Samford,SC,18-14,-3.86,109.9,113.8,67.3,0.009,-5.55,108.5,114.0,0.69,1359.0,2026
213,James Madison,SB,18-15,-3.9,109.4,113.3,66.0,0.017,-4.55,107.0,111.6,-2.3,1241.0,2026
214,Missouri St.,CUSA,14-17,-3.94,108.2,112.2,65.9,-0.057,-1.46,108.4,109.8,-0.75,1283.0,2026
215,Tarleton St.,WAC,14-17,-3.97,104.4,108.4,69.0,-0.031,1.37,108.6,107.3,4.35,1470.0,2026
216,Youngstown St.,Horz,15-17,-3.99,105.7,109.7,67.3,-0.092,-3.5,109.9,113.4,-1.44,1464.0,2026
217,LIU,NEC,23-10,-4.07,105.6,109.7,67.8,0.102,-9.45,104.2,113.6,2.47,1254.0,2026
218,Quinnipiac,MAAC,19-13,-4.22,104.5,108.7,69.9,0.027,-7.08,104.5,111.5,1.71,1346.0,2026
219,Southern Miss,SB,19-16,-4.23,105.5,109.7,69.3,0.043,-3.4,107.6,111.0,1.33,1379.0,2026
220,Detroit Mercy,Horz,17-14,-4.24,108.9,113.2,68.8,0.082,-2.24,109.9,112.2,8.0,1178.0,2026
221,South Dakota St.,Sum,14-18,-4.3,108.3,112.6,66.8,-0.117,-2.76,108.1,110.9,2.9,1355.0,2026
222,Drexel,CAA,17-16,-4.64,102.7,107.3,64.3,0.003,-4.01,106.8,110.8,-7.59,1180.0,2026
223,Tennessee Martin,OVC,22-11,-4.89,100.7,105.6,64.2,0.048,-8.53,103.3,111.8,0.34,1404.0,2026
224,San Diego,WCC,12-21,-4.99,108.5,113.5,68.0,0.003,2.57,110.0,107.4,-2.02,1360.0,2026
225,La Salle,A10,9-22,-5.17,105.6,110.8,65.6,-0.029,5.65,111.7,106.0,4.4,1247.0,2026
226,Rice,Amer,13-18,-5.23,108.8,114.0,65.6,0.009,0.01,109.2,109.2,-1.75,1349.0,2026
227,Ohio,MAC,15-16,-5.27,108.2,113.5,68.8,0.032,-1.18,109.2,110.4,1.26,1325.0,2026
228,Stony Brook,CAA,17-15,-5.46,105.5,111.0,66.3,0.064,-2.54,107.3,109.8,-3.94,1392.0,2026
229,Western Carolina,SC,15-16,-5.49,109.5,115.0,67.8,-0.015,-3.61,109.2,112.8,10.23,1441.0,2026
230,Elon,CAA,14-18,-5.63,110.4,116.0,66.9,-0.03,-1.97,108.8,110.8,-2.66,1189.0,2026
231,Southeast Missouri,OVC,20-13,-5.85,102.4,108.3,68.9,0.031,-7.72,104.4,112.1,4.78,,2026
232,Vermont,AE,21-11,-5.86,107.4,113.3,65.0,0.0,-10.72,103.4,114.1,-1.99,1436.0,2026
233,Long Beach St.,BW,10-22,-5.88,105.7,111.6,68.6,-0.03,1.22,109.1,107.9,4.64,1253.0,2026
234,Denver,Sum,15-17,-5.95,116.2,122.2,67.9,0.007,-1.3,109.5,110.8,8.3,1176.0,2026
235,Georgia Southern,SB,21-16,-6.08,110.5,116.6,70.1,0.057,-5.48,106.2,111.7,-6.38,1204.0,2026
236,San Jose St.,MWC,8-23,-6.1,111.6,117.7,64.9,-0.019,7.05,113.3,106.2,2.3,1363.0,2026
237,Bethune Cookman,SWAC,17-14,-6.21,103.9,110.1,69.3,0.084,-6.7,105.5,112.2,14.16,1126.0,2026
238,Nicholls,Slnd,14-19,-6.21,106.0,112.2,68.2,0.044,0.24,108.9,108.6,10.03,1311.0,2026
239,Lamar,Slnd,12-19,-6.25,103.3,109.5,65.6,-0.089,-2.36,107.6,109.9,-0.28,1249.0,2026
240,Eastern Michigan,MAC,10-21,-6.38,102.0,108.4,66.5,-0.096,-0.2,110.2,110.4,2.22,1185.0,2026
241,American,PL,16-16,-6.39,105.8,112.2,66.7,-0.024,-7.61,105.7,113.3,0.79,1110.0,2026
242,Charleston Southern,BSth,15-17,-6.41,106.1,112.5,71.6,-0.09,-6.01,106.4,112.4,-5.1,1149.0,2026
243,Florida Gulf Coast,ASun,16-18,-6.64,105.8,112.4,67.6,-0.029,-5.58,108.5,114.0,0.41,1195.0,2026
244,Texas St.,SB,19-13,-6.66,104.3,110.9,66.1,0.084,-6.54,105.7,112.3,-8.81,1402.0,2026
245,UNC Asheville,BSth,15-17,-6.68,105.1,111.7,64.8,-0.016,-3.34,108.4,111.7,1.53,1421.0,2026
246,Abilene Christian,WAC,13-18,-6.74,100.9,107.6,67.5,0.026,0.94,108.9,108.0,1.32,1101.0,2026
247,Coastal Carolina,SB,19-13,-6.86,102.0,108.9,66.9,0.132,-4.64,107.2,111.9,-1.84,1157.0,2026
248,Old Dominion,SB,12-21,-6.9,106.4,113.3,69.0,-0.073,-2.64,108.7,111.4,5.27,1330.0,2026
249,Idaho St.,BSky,13-20,-7.02,109.7,116.7,65.6,-0.035,-0.27,109.6,109.8,3.82,1226.0,2026
250,Colgate,PL,18-15,-7.06,107.9,115.0,66.9,0.044,-6.71,106.6,113.3,5.44,1159.0,2026
251,Princeton,Ivy,9-20,-7.07,105.6,112.7,63.5,-0.077,-0.56,109.6,110.2,-0.18,1343.0,2026
252,Southern Utah,WAC,10-21,-7.09,107.3,114.4,70.2,-0.046,2.55,109.2,106.7,6.1,1381.0,2026
253,Boston University,PL,17-16,-7.28,112.6,119.8,63.2,-0.023,-8.37,104.6,113.0,-4.45,1131.0,2026
254,Wofford,SC,19-13,-7.29,109.4,116.7,67.9,0.073,-7.24,108.4,115.7,-4.03,1459.0,2026
255,East Carolina,Amer,11-20,-7.42,103.8,111.2,68.7,-0.006,-0.2,110.0,110.2,-2.72,1187.0,2026
256,Saint Peter's,MAAC,17-12,-7.56,103.2,110.7,65.6,0.066,-7.72,104.4,112.1,-0.9,1389.0,2026
257,SIUE,OVC,19-13,-7.61,99.8,107.4,64.4,-0.007,-10.47,102.8,113.3,-7.44,1188.0,2026
258,Radford,BSth,16-16,-7.64,106.5,114.2,70.6,-0.036,-6.8,106.3,113.1,-6.1,1347.0,2026
259,Iona,MAAC,18-14,-7.71,104.2,111.9,68.8,0.041,-8.33,104.4,112.8,-2.69,1233.0,2026
260,UC Riverside,BW,10-22,-7.79,104.1,111.9,68.6,-0.048,1.81,109.9,108.1,6.7,1415.0,2026
261,Purdue Fort Wayne,Horz,17-15,-7.85,105.6,113.4,67.7,0.118,-1.47,110.9,112.4,8.03,1236.0,2026
262,Nebraska Omaha,Sum,16-17,-7.97,106.4,114.4,67.1,0.033,-2.43,109.0,111.5,3.58,1303.0,2026
263,Pepperdine,WCC,9-23,-8.06,105.5,113.6,68.6,-0.018,3.37,110.7,107.3,-1.81,1337.0,2026
264,Fairfield,MAAC,21-13,-8.15,106.0,114.2,67.0,0.078,-9.34,103.3,112.6,-8.37,1193.0,2026
265,Sacramento St.,BSky,10-21,-8.31,106.0,114.3,71.8,-0.022,1.76,111.0,109.3,9.22,1170.0,2026
266,Incarnate Word,Slnd,12-19,-8.43,109.0,117.5,65.5,-0.028,-1.12,108.0,109.1,7.19,1230.0,2026
267,Lindenwood,OVC,18-15,-8.51,100.8,109.3,72.4,0.017,-8.55,103.5,112.1,2.34,1473.0,2026
268,Milwaukee,Horz,12-20,-8.85,106.6,115.5,67.4,0.013,-1.32,111.0,112.3,6.84,1454.0,2026
269,Presbyterian,BSth,15-18,-9.03,103.5,112.5,64.2,-0.02,-4.55,107.4,112.0,-1.65,1342.0,2026
270,Central Michigan,MAC,10-21,-9.09,106.1,115.2,67.1,-0.098,-1.33,108.8,110.1,1.62,1141.0,2026
271,Longwood,BSth,16-16,-9.12,103.7,112.9,68.5,-0.036,-8.06,104.9,112.9,-10.36,1255.0,2026
272,Hampton,CAA,13-19,-9.12,102.8,111.9,65.4,-0.013,-3.36,106.8,110.1,-7.02,1214.0,2026
273,Western Michigan,MAC,10-21,-9.23,108.0,117.2,67.7,-0.036,-0.96,108.9,109.9,-1.77,1444.0,2026
274,Dartmouth,Ivy,11-16,-9.3,105.0,114.3,69.5,0.0,-1.88,108.9,110.8,-4.1,1171.0,2026
275,Southern,SWAC,15-16,-9.5,104.5,114.0,70.5,0.043,-5.35,106.2,111.5,15.5,1380.0,2026
276,North Dakota,Sum,18-17,-9.56,107.1,116.6,67.3,0.111,-3.35,108.3,111.7,-0.28,1315.0,2026
277,UTEP,CUSA,11-20,-9.57,101.1,110.7,65.5,0.01,-0.03,109.1,109.1,3.73,1431.0,2026
278,Mount St. Mary's,MAAC,15-17,-9.62,99.6,109.2,67.6,0.028,-6.92,104.8,111.7,1.11,1291.0,2026
279,Bellarmine,ASun,13-19,-9.65,116.8,126.4,64.7,-0.013,-4.43,108.9,113.3,2.78,1468.0,2026
280,Northwestern St.,Slnd,10-22,-10.14,102.5,112.7,64.8,-0.013,-0.55,108.1,108.6,8.24,1322.0,2026
281,South Dakota,Sum,16-16,-10.31,104.5,114.8,69.9,0.056,-5.42,107.4,112.8,-3.44,1377.0,2026
282,Morehead St.,OVC,20-13,-10.36,107.1,117.5,65.4,0.16,-6.7,104.4,111.1,6.58,1287.0,2026
283,Northeastern,CAA,7-24,-10.5,107.8,118.3,69.6,-0.061,-1.35,108.6,109.9,-0.39,1318.0,2026
284,Mercyhurst,NEC,17-16,-10.55,101.3,111.8,64.8,-0.006,-10.97,102.8,113.8,0.57,1479.0,2026
285,Southeastern Louisiana,Slnd,9-22,-10.59,99.8,110.4,65.5,-0.006,-0.57,108.5,109.0,5.43,1368.0,2026
286,East Texas A&M,Slnd,11-21,-10.8,100.9,111.7,68.2,0.001,-0.47,108.5,109.0,6.98,1477.0,2026
287,Brown,Ivy,9-18,-10.82,98.2,109.0,66.5,-0.05,-3.57,108.3,111.9,-8.34,1135.0,2026
288,North Carolina A&T,CAA,11-19,-10.92,105.5,116.4,68.6,-0.023,-3.35,107.8,111.2,-8.59,1299.0,2026
289,Houston Christian,Slnd,12-20,-11.12,103.1,114.2,64.4,0.034,-2.08,108.0,110.0,-0.64,1223.0,2026
290,Lehigh,PL,17-16,-11.2,102.8,114.0,67.0,0.088,-8.09,105.3,113.4,-0.22,1250.0,2026
291,Ball St.,MAC,12-19,-11.34,98.7,110.1,63.7,-0.005,-3.73,108.5,112.2,-6.09,1123.0,2026
292,Delaware,CUSA,10-21,-11.36,104.6,116.0,63.2,0.006,-2.52,107.9,110.4,-6.65,1174.0,2026
293,Loyola Chicago,A10,8-23,-11.43,103.3,114.8,65.8,0.062,3.15,110.9,107.7,-4.44,1260.0,2026
294,Grambling St.,SWAC,14-18,-11.43,97.5,108.9,67.6,-0.042,-8.6,103.8,112.4,2.4,1212.0,2026
295,Jacksonville,ASun,12-20,-11.47,103.3,114.8,63.4,-0.03,-3.73,109.4,113.1,5.63,1239.0,2026
296,Sacred Heart,MAAC,14-19,-11.5,107.5,119.0,68.5,0.001,-7.15,104.5,111.7,-1.67,1357.0,2026
297,Eastern Kentucky,ASun,11-21,-11.67,109.4,121.1,67.3,-0.017,-3.73,109.2,112.9,3.38,1184.0,2026
298,Le Moyne,NEC,15-17,-11.85,102.3,114.1,69.6,-0.018,-10.34,103.0,113.3,-1.5,1478.0,2026
299,UNC Greensboro,SC,15-19,-12.15,108.0,120.1,67.7,0.056,-5.75,108.4,114.1,-0.5,1422.0,2026
300,Chattanooga,SC,13-19,-12.2,105.6,117.8,67.3,-0.029,-6.66,108.2,114.9,-2.22,1151.0,2026
301,Alabama A&M,SWAC,17-14,-12.24,104.9,117.2,65.5,0.053,-10.52,102.5,113.0,-1.89,1105.0,2026
302,USC Upstate,BSth,13-19,-12.4,99.2,111.6,67.6,0.025,-5.22,106.5,111.7,-1.17,1367.0,2026
303,Stetson,ASun,12-21,-12.55,105.5,118.1,66.7,0.008,-3.53,108.9,112.5,5.13,1391.0,2026
304,West Georgia,ASun,15-17,-12.56,101.8,114.4,69.2,0.072,-6.35,109.1,115.4,0.62,1480.0,2026
305,Central Connecticut,NEC,18-12,-12.77,104.9,117.7,65.1,0.116,-10.83,102.5,113.4,-1.78,1148.0,2026
306,Wagner,NEC,14-17,-12.8,102.8,115.6,65.5,-0.001,-8.78,103.6,112.4,6.12,1447.0,2026
307,Evansville,MVC,7-25,-12.81,102.2,115.0,67.0,-0.011,4.9,111.3,106.4,4.16,1191.0,2026
308,Texas Southern,SWAC,12-17,-12.87,102.4,115.2,68.6,-0.025,-8.28,104.3,112.6,12.97,1411.0,2026
309,Little Rock,OVC,12-20,-12.96,103.0,116.0,66.7,-0.033,-6.12,103.9,110.0,5.03,1114.0,2026
310,Georgia St.,SB,10-22,-12.96,99.5,112.5,67.9,-0.04,-3.69,107.6,111.3,-0.13,1209.0,2026
311,Oral Roberts,Sum,10-23,-12.98,102.3,115.3,67.8,-0.055,-1.49,109.9,111.4,5.63,1331.0,2026
312,Prairie View A&M,SWAC,14-17,-13.06,101.1,114.2,72.0,-0.013,-8.74,104.1,112.9,9.21,1341.0,2026
313,Louisiana,SB,11-22,-13.27,100.4,113.6,63.3,0.033,-4.19,106.8,111.0,-1.59,1418.0,2026
314,Tennessee Tech,OVC,13-18,-13.36,102.8,116.1,66.9,-0.028,-7.31,103.9,111.2,3.26,1399.0,2026
315,Florida A&M,SWAC,14-15,-13.4,98.7,112.1,68.2,0.081,-8.09,104.5,112.6,8.07,1197.0,2026
316,Arkansas Pine Bluff,SWAC,13-18,-13.41,103.3,116.7,69.1,0.038,-5.14,106.4,111.6,14.7,1115.0,2026
317,IU Indy,Horz,7-25,-13.9,105.7,119.6,73.3,-0.033,-3.12,109.4,112.5,-0.62,1237.0,2026
318,UMass Lowell,AE,15-17,-14.1,102.8,116.9,69.2,0.018,-9.35,103.8,113.1,2.49,1262.0,2026
319,Alabama St.,SWAC,10-22,-14.39,99.4,113.8,69.5,-0.071,-6.45,104.6,111.1,8.67,1106.0,2026
320,Northern Arizona,BSky,10-22,-14.44,105.4,119.8,63.9,0.031,-0.7,109.9,110.6,0.52,1319.0,2026
321,Norfolk St.,MEAC,15-16,-14.58,101.7,116.3,67.9,-0.009,-10.99,101.9,112.9,0.85,1313.0,2026
322,Cleveland St.,Horz,11-22,-14.69,109.5,124.2,69.8,0.04,-1.7,110.3,112.0,4.41,1156.0,2026
323,Loyola MD,PL,12-20,-14.84,104.4,119.3,68.2,-0.027,-8.94,104.4,113.3,-6.45,1259.0,2026
324,Albany,AE,11-21,-14.9,103.6,118.5,65.2,-0.086,-6.98,105.2,112.1,4.61,1107.0,2026
325,Eastern Illinois,OVC,13-20,-14.92,97.1,112.0,65.7,0.037,-5.82,105.0,110.8,12.52,1183.0,2026
326,Lafayette,PL,11-21,-15.23,101.0,116.2,66.8,0.009,-7.3,105.7,112.9,-0.38,1248.0,2026
327,Cal St. Bakersfield,BW,8-24,-15.41,102.0,117.4,70.2,0.012,0.62,108.4,107.7,0.63,,2026
328,New Haven,NEC,14-17,-16.11,96.4,112.5,63.3,0.041,-9.12,103.3,112.4,3.27,1481.0,2026
329,Manhattan,MAAC,12-20,-16.48,104.7,121.1,67.9,0.053,-7.87,103.7,111.6,-2.57,1264.0,2026
330,Holy Cross,PL,11-22,-16.5,101.0,117.5,65.6,-0.007,-6.79,106.5,113.2,0.16,1221.0,2026
331,Bucknell,PL,10-23,-16.67,98.4,115.1,66.9,0.015,-5.69,107.2,112.9,2.36,1137.0,2026
332,NJIT,AE,16-16,-16.87,97.3,114.2,67.9,0.126,-9.24,103.6,112.9,1.34,1312.0,2026
333,Stonehill,NEC,12-21,-17.32,92.0,109.4,66.4,-0.007,-10.0,103.3,113.3,-2.89,1476.0,2026
334,Northern Illinois,MAC,9-21,-17.33,97.2,114.5,67.5,0.014,-0.83,109.5,110.4,2.45,1296.0,2026
335,North Florida,ASun,7-25,-17.57,107.1,124.7,70.4,-0.029,-3.16,108.5,111.6,8.13,1316.0,2026
336,Fairleigh Dickinson,NEC,11-21,-17.65,101.1,118.7,63.9,-0.006,-8.25,103.8,112.0,5.6,1192.0,2026
337,Army,PL,11-21,-18.44,100.4,118.8,67.1,0.044,-7.5,106.0,113.5,-1.62,1119.0,2026
338,Niagara,MAAC,8-22,-18.5,99.8,118.3,62.1,-0.038,-7.91,104.3,112.2,-3.61,1310.0,2026
339,Southern Indiana,OVC,7-23,-18.62,95.8,114.4,67.6,-0.105,-7.92,104.0,111.9,-1.31,1475.0,2026
340,UTSA,Amer,5-25,-18.69,99.8,118.5,68.7,-0.001,1.75,110.4,108.7,2.08,1427.0,2026
341,Jackson St.,SWAC,11-20,-19.16,100.9,120.1,69.4,0.097,-5.59,105.9,111.5,13.66,1238.0,2026
342,North Alabama,ASun,9-21,-19.25,99.8,119.0,64.9,0.057,-4.41,109.2,113.6,2.31,1466.0,2026
343,Canisius,MAAC,10-21,-19.27,95.5,114.8,64.2,0.019,-7.6,104.7,112.3,-3.21,1145.0,2026
344,Air Force,MWC,3-28,-19.52,96.5,116.1,66.2,-0.002,5.21,112.5,107.3,-4.47,1102.0,2026
345,Chicago St.,NEC,7-25,-19.61,99.7,119.3,65.4,-0.032,-4.29,106.0,110.3,11.08,1152.0,2026
346,The Citadel,SC,11-22,-20.19,101.0,121.2,64.4,0.028,-5.24,108.3,113.6,-1.36,1154.0,2026
347,Alcorn St.,SWAC,9-22,-20.27,97.0,117.3,67.4,0.047,-4.85,106.1,110.9,13.19,1108.0,2026
348,Maine,AE,8-24,-20.29,91.8,112.1,64.8,-0.031,-8.82,104.4,113.2,-1.0,1263.0,2026
349,Maryland Eastern Shore,MEAC,9-22,-20.37,94.7,115.1,63.1,-0.046,-8.34,104.3,112.7,5.47,1271.0,2026
350,New Hampshire,AE,9-21,-20.7,95.5,116.2,67.5,-0.002,-7.74,104.7,112.4,5.73,1306.0,2026
351,Louisiana Monroe,SB,4-28,-21.07,101.4,122.5,70.2,-0.099,-3.4,107.0,110.4,-1.08,1419.0,2026
352,Morgan St.,MEAC,14-15,-21.24,100.2,121.5,70.8,0.118,-11.82,101.4,113.2,-1.32,1288.0,2026
353,North Carolina Central,MEAC,12-17,-21.93,99.6,121.5,66.4,0.058,-8.89,103.5,112.4,9.49,1300.0,2026
354,Saint Francis,NEC,7-24,-22.31,99.8,122.1,70.0,-0.025,-6.52,105.3,111.8,7.56,,2026
355,Bryant,AE,9-22,-22.98,96.8,119.8,64.2,0.009,-7.6,104.0,111.6,2.79,1136.0,2026
356,South Carolina St.,MEAC,9-21,-24.1,95.3,119.4,68.2,0.022,-8.38,104.4,112.8,3.74,1354.0,2026
357,Rider,MAAC,4-25,-24.46,95.9,120.3,65.8,-0.024,-4.7,106.1,110.8,11.15,1351.0,2026
358,Kansas City,Sum,4-27,-25.11,92.4,117.5,69.8,-0.017,-1.28,110.4,111.7,6.25,1282.0,2026
359,Binghamton,AE,8-23,-25.51,97.8,123.4,65.3,-0.019,-11.96,102.1,114.0,-7.97,1127.0,2026
360,VMI,SC,6-26,-26.21,98.9,125.1,70.5,-0.04,-7.6,104.0,111.6,-1.31,1440.0,2026
